{
  "test_f1": 0.04963280194102034,
  "test_precision": 0.029164673237010812,
  "test_recall": 0.16644823066841416
}